{"type": "metrics", "dataset": "train", "precision": 0.953005115089514, "balanced_accuracy": 0.8109205266747785, "recall": 0.6308994708994708, "f1_score": 0.7592003056156883}
{"type": "metrics", "dataset": "test", "precision": 0.6635354397950469, "balanced_accuracy": 0.6759776140560241, "recall": 0.40766002098635884, "f1_score": 0.5050373740656483}
{"type": "cm_matrix", "dataset": "train", "true_0": {"predicted_0": 16081, "predicted_1": 147}, "true_1": {"predicted_0": 1744, "predicted_1": 2981}}
{"type": "cm_matrix", "dataset": "test", "true_0": {"predicted_0": 6679, "predicted_1": 394}, "true_1": {"predicted_0": 1129, "predicted_1": 777}}
